Model,Checkpoint,Accuracy,Precision,Recall,F1-score
MARBERT,UBC-NLP/MARBERT,87.00854700854701,80.48755754084881,78.73970131786066,79.48814041788805
Arabic-BERT,asafaya/bert-base-arabic,80.17094017094017,70.50759452597345,73.15612102955654,71.69424109155752
AraBERT,aubmindlab/bert-base-arabertv02,81.62393162393163,70.37227612793623,72.59523139638647,71.32352644673756
